{"cameraMode":{"drawMode":0,"name":"Shaded","section":"Shading Mode"},"sceneLighting":false,"audioPlay":false,"sceneViewState":{"showFog":true,"showMaterialUpdate":false,"showSkybox":false,"showFlares":true,"showImageEffects":true,"showParticleSystems":true},"in2DMode":false,"pivot":{"x":1.3185203075408936,"y":-0.9024311900138855,"z":-5.678268909454346},"rotation":{"x":0.0011569940252229572,"y":0.9999935030937195,"z":-0.01729821227490902,"w":0.014133046381175518},"size":1.1436097621917725,"orthographic":false}