{"cameraMode":{"drawMode":0,"name":"Shaded","section":"Shading Mode"},"sceneLighting":true,"audioPlay":false,"sceneViewState":{"showFog":true,"showMaterialUpdate":false,"showSkybox":true,"showFlares":true,"showImageEffects":true,"showParticleSystems":true},"in2DMode":false,"pivot":{"x":-0.48177677392959597,"y":1.2399402856826783,"z":-4.563235282897949},"rotation":{"x":-0.001737304963171482,"y":0.9982097148895264,"z":-0.0347604975104332,"w":-0.04946734011173248},"size":1.8201675415039063,"orthographic":false}