{"cameraMode":{"drawMode":0,"name":"Shaded","section":"Shading Mode"},"sceneLighting":false,"audioPlay":false,"sceneViewState":{"showFog":true,"showMaterialUpdate":false,"showSkybox":false,"showFlares":true,"showImageEffects":true,"showParticleSystems":true},"in2DMode":false,"pivot":{"x":-0.08295207470655441,"y":0.10284823179244995,"z":-1.5713112354278565},"rotation":{"x":-0.00008464217535220087,"y":-0.9999097585678101,"z":-0.007499558385461569,"w":0.01139726210385561},"size":0.0019860053434967996,"orthographic":false}