{"cameraMode":{"drawMode":0,"name":"Shaded","section":"Shading Mode"},"sceneLighting":true,"audioPlay":false,"sceneViewState":{"showFog":true,"showMaterialUpdate":false,"showSkybox":true,"showFlares":true,"showImageEffects":true,"showParticleSystems":true},"in2DMode":false,"pivot":{"x":0.6159316897392273,"y":1.6712974309921265,"z":-0.2960854172706604},"rotation":{"x":-0.0027567066717892887,"y":-0.9949153661727905,"z":-0.028363462537527086,"w":0.09670761227607727},"size":0.20745640993118287,"orthographic":false}